{
  "best_k": 6,
  "metrics": {
    "k": [
      6,
      7,
      8,
      9,
      10,
      11,
      12,
      13,
      14,
      15,
      16,
      17,
      18,
      19,
      20,
      21,
      22,
      23,
      24,
      25,
      26,
      27,
      28,
      29,
      30,
      31,
      32,
      33,
      34,
      35,
      36,
      37,
      38,
      39,
      40,
      41,
      42,
      43,
      44,
      45,
      46,
      47,
      48,
      49
    ],
    "inertia": [
      29767.66032618765,
      28257.144981301673,
      27278.384526609538,
      26378.97881416292,
      25751.624303959976,
      24922.072192558473,
      24339.545976671718,
      23683.82919246929,
      23317.69447378649,
      22907.759092275024,
      22426.547286988356,
      21998.322199811075,
      21593.579114478776,
      21317.71656404562,
      20903.378647198504,
      20573.217623740868,
      20399.154473930797,
      20188.72235326375,
      19828.59111518784,
      19649.57753966131,
      19315.321315318135,
      19177.883840274633,
      18886.399628747233,
      18759.158393695656,
      18657.392171680855,
      18294.99255517841,
      18179.428172936485,
      18031.380409278514,
      17925.378854709386,
      17812.801757196095,
      17535.194866792517,
      17394.906021065988,
      17244.409596260753,
      17056.06535388226,
      16945.448408412944,
      16789.94957697977,
      16712.0071230862,
      16551.34248131767,
      16289.153725872267,
      16231.25303537586,
      16208.392483223659,
      16052.598471908841,
      15776.19113292238,
      15849.754482935325
    ],
    "silhouette": [
      0.14339958592524238,
      0.13693936815699828,
      0.13390439406527943,
      0.11984832460625354,
      0.11578288612063371,
      0.11272414045862922,
      0.11266742114798788,
      0.11327150051248086,
      0.10726674298240207,
      0.10447407348974135,
      0.1059778999784909,
      0.1045068844646693,
      0.1099378678357961,
      0.10418029033522168,
      0.10396227531357677,
      0.10809545075564486,
      0.10413012514898043,
      0.10254277988720895,
      0.1028226458894123,
      0.10242473556031666,
      0.1047848367788362,
      0.10092955243381327,
      0.1080768812883498,
      0.10413727861392298,
      0.0958459179748324,
      0.10496592393487589,
      0.10073673089467414,
      0.10062137436098646,
      0.09594411925313594,
      0.10087583998050766,
      0.10391087266316289,
      0.10032840883276493,
      0.09990549889680796,
      0.09758757468475425,
      0.0970489998660243,
      0.09988614814657844,
      0.09985442118077083,
      0.0989477191040341,
      0.10667884081780826,
      0.10522304707391197,
      0.10119646765214092,
      0.09891620523986897,
      0.0992211879390627,
      0.10105756954177164
    ],
    "davies_bouldin": [
      1.723785007425879,
      1.6905121911376215,
      1.736847188825317,
      1.7877344943241502,
      1.7413787925528421,
      1.8374919662236364,
      1.8589846005066957,
      1.8044450783188037,
      1.810292218275709,
      1.7935294505838937,
      1.8162357493332273,
      1.825624879316894,
      1.7523577116859703,
      1.8390024609574738,
      1.8069026839555786,
      1.7579849797935152,
      1.7968743101689642,
      1.8082512233055967,
      1.774916440079003,
      1.739040315603618,
      1.7609822697042814,
      1.787761079847958,
      1.726702674203089,
      1.7748831591868952,
      1.8251250297158497,
      1.7924754517501105,
      1.7357489151450483,
      1.7781668238287136,
      1.7699286239161454,
      1.7817117739229102,
      1.7360303826910901,
      1.758759816421394,
      1.746554699305469,
      1.725485948696562,
      1.7243710251753392,
      1.7168591104558673,
      1.7279136624430675,
      1.6985870610132598,
      1.6990775523090718,
      1.6711330547803682,
      1.6896300062660357,
      1.7177891149554019,
      1.7018089060454873,
      1.6614582739697257
    ],
    "calinski_harabasz": [
      185.4055681975853,
      173.08489250240785,
      159.56327927026652,
      149.250130045039,
      138.95255576158402,
      133.0040307137014,
      126.24424112419739,
      121.520911807675,
      115.24650438375491,
      110.32670252000545,
      106.75738065224785,
      103.3619142354834,
      100.3023664807478,
      96.70874526452175,
      94.56563457232154,
      92.13124017023694,
      88.88739175247241,
      86.20610977449795,
      84.79677681672874,
      82.37185000177291,
      81.17533436974816,
      78.86258864474374,
      77.7060496652366,
      75.6527197136854,
      73.59515572567383,
      73.24751197592306,
      71.50887809853647,
      70.07677397019509,
      68.50107200441244,
      67.06121871441603,
      66.63669179491808,
      65.50741315955418,
      64.50659251626514,
      63.77893225493452,
      62.68544659285339,
      61.8942418837721,
      60.742599926245724,
      60.08238928186071,
      60.00292202323058,
      58.888741022292415,
      57.64612973492399,
      57.12934621749484,
      57.265654669159794,
      55.653652902146995
    ],
    "plots": {
      "elbow": "artifacts/elbow_plot.png",
      "silhouette": "artifacts/silhouette_plot.png",
      "davies_bouldin": "artifacts/db_plot.png",
      "calinski_harabasz": "artifacts/ch_plot.png"
    }
  },
  "n_pca": 10
}