{
  "n_pca": 11,
  "best_k": 6,
  "metrics": {
    "k": [
      6,
      7,
      8,
      9,
      10,
      11,
      12,
      13,
      14,
      15,
      16,
      17,
      18,
      19,
      20,
      21,
      22,
      23,
      24,
      25,
      26,
      27,
      28,
      29
    ],
    "inertia": [
      30934.92555697121,
      29439.578227782556,
      28431.98103663315,
      27613.80222251809,
      26831.21744039971,
      25974.43661285524,
      25613.022384004205,
      24931.14432433623,
      24384.338996513772,
      24054.508691652867,
      23478.45320662384,
      23148.063078174626,
      22876.589145916954,
      22427.62624652353,
      22115.64868837614,
      21769.326589347555,
      21491.839798189125,
      21265.082777563723,
      21036.211935738378,
      20753.029287339366,
      20626.849743794683,
      20337.170243025877,
      20054.3574257242,
      19821.172007403147
    ],
    "silhouette": [
      0.13506423990028088,
      0.1319110782946236,
      0.12840775445230593,
      0.124525705437883,
      0.11663483062915286,
      0.11124996778975647,
      0.10315463838729902,
      0.10652195242122187,
      0.10337531707137362,
      0.10133452461161509,
      0.1022492934161192,
      0.10336146533941372,
      0.09822948716018544,
      0.09733332281329046,
      0.10599445320833531,
      0.09625689761452537,
      0.09825827694647196,
      0.0972993743893401,
      0.09813318174207573,
      0.10060336459105922,
      0.0921355895893034,
      0.09522770919482923,
      0.09998632050429086,
      0.09561512393717353
    ],
    "davies_bouldin": [
      1.7755102136808676,
      1.7356180650551267,
      1.7844199921456005,
      1.7525265721753465,
      1.822720326948911,
      1.8349859612478205,
      1.872253965155467,
      1.9076302937859342,
      1.8539571300910391,
      1.89317685453052,
      1.8709427384353523,
      1.8435663102773514,
      1.8199552464654891,
      1.8638183519270748,
      1.785441486871899,
      1.877883415210866,
      1.8697867277591387,
      1.830066204222547,
      1.8444668835991862,
      1.8172014104687344,
      1.9121309805184081,
      1.838812579390292,
      1.7654668833542444,
      1.8233736427260152
    ],
    "calinski_harabasz": [
      178.589925047956,
      166.18987373096627,
      153.30958086352086,
      142.34348653788302,
      133.90180296324473,
      128.23976380362905,
      119.62515567188822,
      115.22128605474248,
      110.66305545403715,
      105.2202899064069,
      102.43442638468612,
      98.35768060880926,
      94.40183738179456,
      92.15616428056148,
      89.32322827093172,
      87.05548738989059,
      84.62064242397716,
      82.12641743479281,
      79.88910627804613,
      78.19526530521647,
      75.74394323660252,
      74.43635657528307,
      73.22953167033509,
      71.8669883864827
    ],
    "plots": {
      "elbow": "/Users/savvasneofytou/Desktop/basketball/artifacts/run_20250826_012027/elbow_plot.png",
      "silhouette": "/Users/savvasneofytou/Desktop/basketball/artifacts/run_20250826_012027/silhouette_plot.png",
      "davies_bouldin": "/Users/savvasneofytou/Desktop/basketball/artifacts/run_20250826_012027/db_plot.png",
      "calinski_harabasz": "/Users/savvasneofytou/Desktop/basketball/artifacts/run_20250826_012027/ch_plot.png"
    }
  }
}