{
  "n_pca": 10,
  "best_k": 6,
  "metrics": {
    "k": [
      6,
      7,
      8,
      9,
      10,
      11,
      12,
      13,
      14,
      15,
      16,
      17,
      18,
      19,
      20,
      21,
      22,
      23,
      24,
      25,
      26,
      27,
      28,
      29,
      30,
      31,
      32,
      33,
      34,
      35,
      36,
      37,
      38,
      39,
      40,
      41,
      42,
      43,
      44,
      45,
      46,
      47,
      48,
      49
    ],
    "inertia": [
      29767.660326187655,
      28257.144981301673,
      27278.38452660953,
      26378.97881416292,
      25751.62430395998,
      24922.072192558466,
      24339.545976671725,
      23683.82919246929,
      23317.69447378649,
      22907.75909227502,
      22426.54728698836,
      21998.322199811075,
      21593.579114478776,
      21317.71656404562,
      20903.3786471985,
      20573.217623740864,
      20399.1544739308,
      20188.722353263754,
      19828.591115187843,
      19649.57753966131,
      19315.321315318135,
      19177.883840274633,
      18886.399628747233,
      18759.15839369566,
      18657.392171680858,
      18294.99255517841,
      18179.42817293649,
      18031.380409278518,
      17925.378854709386,
      17812.801757196095,
      17535.19486679252,
      17394.906021065988,
      17244.409596260753,
      17056.06535388226,
      16945.448408412944,
      16789.94957697977,
      16712.0071230862,
      16551.34248131767,
      16289.153725872267,
      16231.253035375858,
      16208.39248322366,
      16052.598471908841,
      15776.191132922382,
      15849.754482935326
    ],
    "silhouette": [
      0.14339958592524232,
      0.13693936815699825,
      0.13390439406527935,
      0.1198483246062535,
      0.11578288612063367,
      0.11272414045862918,
      0.11266742114798783,
      0.11327150051248082,
      0.10726674298240202,
      0.1044740734897413,
      0.10597789997849086,
      0.10450688446466924,
      0.10993786783579604,
      0.10418029033522162,
      0.10396227531357671,
      0.10809545075564483,
      0.10413012514898036,
      0.1025427798872089,
      0.10282264588941226,
      0.10242473556031662,
      0.10478483677883617,
      0.10092955243381323,
      0.10807688128834977,
      0.10413727861392295,
      0.09584591797483237,
      0.10496592393487585,
      0.10073673089467408,
      0.10062137436098642,
      0.0959441192531359,
      0.10087583998050764,
      0.10391087266316286,
      0.10032840883276493,
      0.09990549889680793,
      0.09758757468475421,
      0.09704899986602428,
      0.0998861481465784,
      0.09985442118077079,
      0.09894771910403408,
      0.10667884081780823,
      0.10522304707391193,
      0.10119646765214091,
      0.09891620523986897,
      0.09922118793906268,
      0.10105756954177163
    ],
    "davies_bouldin": [
      1.7237850074258796,
      1.690512191137622,
      1.7368471888253176,
      1.7877344943241502,
      1.7413787925528421,
      1.8374919662236364,
      1.8589846005066961,
      1.8044450783188033,
      1.8102922182757097,
      1.7935294505838937,
      1.8162357493332277,
      1.8256248793168948,
      1.752357711685971,
      1.8390024609574738,
      1.8069026839555793,
      1.7579849797935156,
      1.7968743101689646,
      1.8082512233055974,
      1.7749164400790034,
      1.7390403156036183,
      1.7609822697042818,
      1.7877610798479584,
      1.7267026742030893,
      1.7748831591868952,
      1.8251250297158494,
      1.7924754517501111,
      1.7357489151450483,
      1.7781668238287143,
      1.7699286239161456,
      1.7817117739229105,
      1.7360303826910901,
      1.758759816421394,
      1.7465546993054695,
      1.725485948696562,
      1.7243710251753392,
      1.7168591104558673,
      1.727913662443068,
      1.6985870616456917,
      1.699077552309072,
      1.6711330553430186,
      1.6896300060022846,
      1.7177891149554017,
      1.7018089060454873,
      1.6614582739697255
    ],
    "calinski_harabasz": [
      185.4055681975851,
      173.08489250240768,
      159.56327927026638,
      149.25013004503884,
      138.95255576158388,
      133.0040307137013,
      126.2442411241973,
      121.52091180767488,
      115.24650438375484,
      110.32670252000534,
      106.75738065224778,
      103.36191423548331,
      100.3023664807477,
      96.70874526452167,
      94.56563457232147,
      92.13124017023684,
      88.88739175247238,
      86.20610977449782,
      84.7967768167287,
      82.37185000177284,
      81.17533436974813,
      78.86258864474367,
      77.70604966523655,
      75.65271971368534,
      73.59515572567379,
      73.24751197592302,
      71.50887809853641,
      70.07677397019505,
      68.50107200441236,
      67.06121871441596,
      66.63669179491801,
      65.50741315955413,
      64.50659251626507,
      63.77893225493445,
      62.685446592853346,
      61.89424188377205,
      60.74259992624567,
      60.08238928186068,
      60.00292202323054,
      58.88874102229234,
      57.64612973492394,
      57.129346217494806,
      57.26565466915973,
      55.65365290214695
    ],
    "plots": {
      "elbow": "/Users/savvasneofytou/Desktop/basketball/artifacts/run_20250908_185034/elbow_plot.png",
      "silhouette": "/Users/savvasneofytou/Desktop/basketball/artifacts/run_20250908_185034/silhouette_plot.png",
      "davies_bouldin": "/Users/savvasneofytou/Desktop/basketball/artifacts/run_20250908_185034/db_plot.png",
      "calinski_harabasz": "/Users/savvasneofytou/Desktop/basketball/artifacts/run_20250908_185034/ch_plot.png"
    }
  }
}