{
  "n_pca": 10,
  "best_k": 6,
  "metrics": {
    "k": [
      6,
      7,
      8,
      9,
      10,
      11,
      12,
      13,
      14,
      15,
      16,
      17,
      18,
      19,
      20,
      21,
      22,
      23,
      24,
      25,
      26,
      27,
      28,
      29,
      30,
      31,
      32,
      33,
      34,
      35,
      36,
      37,
      38,
      39,
      40,
      41,
      42,
      43,
      44,
      45,
      46,
      47,
      48,
      49
    ],
    "inertia": [
      29771.0277614135,
      28272.3533816218,
      27248.482952810868,
      26355.385496959654,
      25512.76414685306,
      24852.022163564547,
      24361.93402376985,
      23716.251781644976,
      23205.14464824461,
      22793.753201436542,
      22394.59127395234,
      21907.177244143335,
      21647.07770219592,
      21288.43302892188,
      20947.996552820015,
      20664.53690165176,
      20429.710595721204,
      20152.166259968246,
      19878.34388049511,
      19723.044746026557,
      19331.803394776845,
      19105.037309874926,
      18938.68865755982,
      18828.769784052573,
      18650.625552004436,
      18349.97549531359,
      18121.403141091883,
      18178.962084903364,
      17868.814117278387,
      17568.171894743955,
      17484.42435811136,
      17383.323514454252,
      17194.99586030383,
      17106.71573856666,
      16838.477107827475,
      16769.14236554799,
      16698.161943027284,
      16511.89379702547,
      16423.375138989082,
      16259.756341179213,
      16183.725286798026,
      15987.888842017668,
      15963.111841662896,
      15839.497999235162
    ],
    "silhouette": [
      0.14261585509809416,
      0.13544867183995052,
      0.1330564067115072,
      0.12932703350642136,
      0.12277933971062659,
      0.1162095241852424,
      0.10813579885186266,
      0.11573158612494483,
      0.1092017312545842,
      0.11563493256208797,
      0.11619182758673645,
      0.10798716193119302,
      0.10522642980631634,
      0.10283462107104097,
      0.1059934342637384,
      0.10510788423868045,
      0.10247207064471175,
      0.1003236929786316,
      0.10464978543895265,
      0.09788008816477085,
      0.10052469239590742,
      0.10180124053478258,
      0.10589781559944218,
      0.10164420492861645,
      0.10021975631742643,
      0.10425614892034134,
      0.10248591976746108,
      0.09906836609992586,
      0.10024105947902513,
      0.10425539204304837,
      0.10359552952884397,
      0.10291752600865331,
      0.09863397074771647,
      0.10367366166314404,
      0.09777013822531634,
      0.10207168979875059,
      0.1018434981966253,
      0.10201503405333882,
      0.10008161204736776,
      0.0980636315686177,
      0.10038932305591933,
      0.10176224418522292,
      0.10054426064664447,
      0.09858872765154507
    ],
    "davies_bouldin": [
      1.7233112131538342,
      1.6968465299306494,
      1.745119203388409,
      1.7415071163566813,
      1.7856239697967902,
      1.7848838973316143,
      1.8170524632814449,
      1.796639070824309,
      1.838410533900257,
      1.79736755106061,
      1.7395377452865235,
      1.8057553588128274,
      1.7558438150349251,
      1.8101167446775648,
      1.7693471798500926,
      1.7654915412626753,
      1.8314862922409754,
      1.7760577475036612,
      1.8208140263015178,
      1.7827221349322482,
      1.8073925545601952,
      1.7817708133313293,
      1.7396924777531102,
      1.7851824104988339,
      1.8331814743859995,
      1.7364807365300285,
      1.764561533721227,
      1.777643736309846,
      1.777887295181908,
      1.7515308529280038,
      1.7456850567972586,
      1.735501417482298,
      1.7290782205518187,
      1.7483557589912897,
      1.7848814122749943,
      1.7201302959778666,
      1.7122490379632402,
      1.7015544184905196,
      1.7212347269637214,
      1.726504973931384,
      1.7405012389533157,
      1.7426637693852358,
      1.707138734320185,
      1.7036409902654384
    ],
    "calinski_harabasz": [
      185.3580156397483,
      172.88653189001693,
      159.9222659568126,
      149.51488529333034,
      141.47163167868362,
      133.70871339444392,
      126.03056347305098,
      121.22171523374358,
      116.24087376065741,
      111.29507994605983,
      107.02054496671039,
      104.09462901825368,
      99.88540637783773,
      96.9305741239241,
      94.23406542176184,
      91.46779068141136,
      88.67189869105391,
      86.45797046013887,
      84.45863725200883,
      81.8856015413456,
      81.06673558362927,
      79.33252393193423,
      77.37360272674636,
      75.22091760522214,
      73.63625650421481,
      72.91317676444343,
      71.85653189821637,
      69.21662913547253,
      68.82794306926321,
      68.46436084106966,
      66.92518282915515,
      65.57223427194496,
      64.78074178373416,
      63.50111125899599,
      63.26953385575893,
      62.00640338029298,
      60.81599830944444,
      60.29066597876886,
      59.2964447757727,
      58.74025003173141,
      57.77243748415788,
      57.46035001367317,
      56.312825477729525,
      55.70496089548195
    ],
    "plots": {
      "elbow": "/vol/bitbucket/sn1624/data-driven-framework-for-athlete-profiling/artifacts/run_20250906_163926/elbow_plot.png",
      "silhouette": "/vol/bitbucket/sn1624/data-driven-framework-for-athlete-profiling/artifacts/run_20250906_163926/silhouette_plot.png",
      "davies_bouldin": "/vol/bitbucket/sn1624/data-driven-framework-for-athlete-profiling/artifacts/run_20250906_163926/db_plot.png",
      "calinski_harabasz": "/vol/bitbucket/sn1624/data-driven-framework-for-athlete-profiling/artifacts/run_20250906_163926/ch_plot.png"
    }
  }
}